"Issue Type","Summary","Description","Priority","Labels","Component/s","Epic Name","Epic Link","Original Estimate"
"Epic","Unified Pipeline Gateway","Generalize the existing FindAir gateway (apps/gateway, apps/rules-api) into the unified pipeline gateway described in SPEC-001 Rev 3: one rule index per pipeline, a shared pipeline catalog, and per-pipeline transport (RabbitMQ or HTTP). Reviewed against the current karisuke monorepo (.NET 10) before this breakdown was written, not from the spec alone.","Highest","gateway","Platform","Gateway Rollout","",""
"Story","T1 - Catalog & Contracts Foundation","New libs/pipeline-catalog binds the Pipelines config section and validates it at startup the way GatewaySettings.IsValid already does - bad transport config, missing routing keys, missing URLs, and duplicate pipeline IDs all fail fast instead of reaching production. New libs/pipeline-contracts defines IPipelineContract and the DispatchContext struct, with one real implementation for tile-builder that wraps what GatewayOutputMessageBuilder.cs already does, plus a first golden-file test. Wire both into Program.cs in gateway and rules-api so catalog and code can't silently drift.

Do this first - it sets the shared contract shape everything else (T2-T6) builds against.

Depends on: None - do first

Files/areas touched:
- libs/pipeline-catalog (new)
- libs/pipeline-contracts (new)
- apps/gateway/Program.cs
- apps/rules-api/Program.cs
- apps/gateway/Processing/Messages/GatewayOutputMessageBuilder.cs","Highest","gateway shared foundation","Platform","","Gateway Rollout","5d"
"Story","T2 - Gateway Rule Engine","Upgrade RuleDto to the v2 match/runParams shape, reject empty or catch-all rules unless matchAll: true is explicit, and keep the sensor -> registration-quality pairing intact (nested, never a map). Turn ActiveRuleCache.cs into one snapshot per enabled pipeline, add an STRtree spatial index on top of the existing RuleMatcher.cs, and add the skipIfCompleted gate against Redis from ADR-002. Finish by extracting the shared logic into a new libs/rule-engine, so the simulate endpoint (T6b) runs the exact code that runs in production.

Track A - independent of T3, can run fully in parallel with it once T1 lands.

Depends on: T1

Files/areas touched:
- libs/common-dtos/Rules/Models/RuleDto.cs
- apps/gateway/Processing/Rules/ActiveRuleCache.cs
- apps/gateway/Processing/Rules/RuleMatcher.cs
- libs/rule-engine (new)","High","gateway track-a","Gateway","","Gateway Rollout","12d"
"Story","T3 - Transport & Dispatch","Define IDispatchTransport. Extend libs/rabbitmq-client from one output destination to a map of destinations, kept backward-compatible. Build a new small app, apps/http-forwarder - a queue-to-HTTP relay copied largely from the patterns already in apps/tb-consumer/Worker.cs, with retry, dead-lettering and idempotency handling. In GatewayWorker.cs, build dispatch units and dedupe them on (pipelineId, normalized runParams), and map HTTP response codes to delivery outcomes.

Track B - independent of T2's internals, can run fully in parallel with it once T1 lands.

Depends on: T1 only

Files/areas touched:
- libs/rabbitmq-client/RabbitMqClientOptions.cs
- libs/rabbitmq-client/RabbitMqTopology.cs
- libs/rabbitmq-client/RabbitMqMessageEnvelope.cs
- apps/http-forwarder (new)
- apps/gateway/GatewayWorker.cs","High","gateway track-b","Gateway","","Gateway Rollout","13d"
"Story","T4 - Rules API v2","Pipeline-scoped routes under /pipelines/{id}/rules/... in RulesController.cs, contract-based validation via libs/rule-engine, and a new append-only audit index built on the UpdateRuleRequest.ProvidedFields mechanism that already tracks changed fields. GET /pipelines returns a form descriptor generated by reflection off each contract's RunParamsType; POST /pipelines/{id}/rules/validate sweeps stored rules against it.

Routing and the audit index can start right after T1 - real validation wires in once T2's schema settles.

Depends on: T1 fully, T2's schema for validation

Files/areas touched:
- apps/rules-api/Controllers/RulesController.cs
- apps/rules-api/Services/RuleService.cs
- apps/rules-api/Services/RuleValidation.cs","Medium","gateway track-a","Rules API","","Gateway Rollout","10d"
"Story","T5 - Migration & Replay","A v1 -> v2 transform script (rules index -> rules-tile-builder), dual-write during the cutover window, a byte-identical test proving a v1 document through the transform produces the same wire output as a native v2 rule, and a replay harness that runs historical traffic through the new engine and diffs it against what the three existing gateways actually decided.

The transform script only needs T1's RuleDto v2 shape and can start early; the replay harness waits on T2 and T3 being functionally complete. Natural closing task for whichever developer frees up first.

Depends on: T2 and T3 (functionally complete)

Files/areas touched:
- migration scripts (new)
- tests/integration-tests
- ES reindex / alias scripts (new)","Medium","gateway shared","Platform","","Gateway Rollout","10d"
"Story","T6a - Rules API Authentication","Find out what identity infrastructure already exists (internal SSO, or nothing) and wire authentication into the Rules API so RuleService can finally populate changedBy. Without it the new audit index (T4) isn't trustworthy - the spec flags this as its top blocking item.

Estimate is genuinely open-ended: roughly 3 days if org SSO exists and this is just wiring it up, but weeks if there's no internal-tool identity story yet. Investigate and report back before committing to a date. No code dependency - can start on day one.

Depends on: None - can start day one

Files/areas touched:
- apps/rules-api/Services/RuleService.cs","Highest","gateway track-b spike","Rules API","","Gateway Rollout",""
"Story","T6b - Rules Simulate Endpoint","Build POST /pipelines/{id}/rules/simulate: takes a proposed rule (or id + patch) and a traffic sample, runs it against every enabled pipeline's snapshot via libs/rule-engine, and reports both what the rule would match and what else already matches that traffic - writing nothing. This is the practical safety net for rules spread across per-pipeline indexes.

Depends on: T2 (libs/rule-engine)

Files/areas touched:
- apps/rules-api/Controllers/RulesController.cs
- apps/rules-api/Services/RuleService.cs","Medium","gateway track-b","Rules API","","Gateway Rollout","6d"
